{
  "generatedBy": "Microsoft.NET.Sdk.Functions.Generator-4.1.1",
  "configurationSource": "attributes",
  "bindings": [
    {
      "type": "blobTrigger",
      "connection": "AzureWebJobsStorage",
      "path": "%BlobPath%",
      "source": "logsAndContainerScan",
      "name": "inputStream"
    },
    {
      "type": "cosmosDB",
      "connectionStringSetting": "CosmosDBConnection",
      "databaseName": "%DatabaseName%",
      "collectionName": "%CollectionName%",
      "createIfNotExists": false,
      "useMultipleWriteLocations": false,
      "useDefaultJsonSerialization": false,
      "name": "propertyAddressesOut"
    },
    {
      "type": "cosmosDB",
      "connectionStringSetting": "CosmosDBConnection",
      "databaseName": "%DatabaseName%",
      "collectionName": "%CollectionName%",
      "createIfNotExists": false,
      "useMultipleWriteLocations": false,
      "useDefaultJsonSerialization": false,
      "name": "client"
    }
  ],
  "disabled": false,
  "scriptFile": "../bin/HousingRepairsOnline.AddressIngestion.dll",
  "entryPoint": "HousingRepairsOnline.AddressIngestion.IngestAddresses.RunAsync"
}